"country","x","y"
"Aland",13.4658804791979,23.667377778329
"Bland",11.5932854288258,24.9972282303497
"Cland",11.4243104495108,24.6548126032576
