"country","x","y"
"Aland",11.8724097311497,25.9254934219643
"Bland",10.1982916751876,27.9408625140786
"Cland",11.3247828395106,22.5439113541506
