"country","x","y"
"Aland",13.3661517943256,29.0476920665242
"Bland",11.1933905421756,27.9616159526631
"Cland",11.3692175946198,25.9113223152235
