"year","country","z1","z2"
2011,"A",64.6290290635079,56.3686630222946
2012,"A",22.3204375011846,106.184556661174
2013,"A",28.5881357034668,4.23392630182207
2011,"B",31.8965829676017,35.882205190137
2012,"B",60.4655356612056,43.0644765496254
2013,"B",15.4729378409684,111.383820744231
2011,"C",90.1658673305064,46.0271602962166
2012,"C",52.8196603292599,176.951552042738
2013,"C",93.3838091325015,164.07723124139
