"year","country","y","x1","x2"
2010,"A",50.3429206006974,44.062630017288,48.0893397703767
2011,"A",114.641023960132,48.4834742499515,2.6708984747529
2012,"A",-98.9665030501783,13.5961908847094,156.396966427565
2010,"B",-36.9658716348,34.5664419233799,116.402363497764
2011,"B",155.295395891704,67.5066618714482,0.21973354741931
2012,"B",99.3606661572028,50.4071495495737,31.8780469708145
2010,"C",-150.150092165442,13.8569770613685,188.616755511612
2011,"C",115.937315194709,70.0987725518644,45.0018198695034
2012,"C",-87.6802043890115,33.1616186769679,184.856367809698
